;record_id;cell_line_code;date_cell_line;date_molecular_profile;tumor_mutational_burden;MSI;sample_type;biopsy_site;kras;molecular_alterations;liquid_biopsy_analysis;sister_cell_line_codes
10;26;GR0069;2023-05-25;2020-11-04;7.53;2.0;tumor_tissue;primitive;G12D;"APC;KRAS;TP53";* BRAF sauvage  MSS (IHC)  * Protocole : STARTRK  Panel : Foundation One Tissue  Numéro protocole/biopsie : 20H09378  Site biopsie : Colon  Date biopsie : 04-11-2020  APC A1492fs*22  KRAS G12D  APC S1068*  TP53 R175H  TMB : 7,57;
11;26;GR0069;2023-05-25;2020-08-20;;2.0;tumor_tissue;primitive;G12A;;TP53 Arg175His;
12;26;GR0069;2023-05-25;2022-01-31;3.0;2.0;liquid_biopsy;other;G12D;"APC;KRAS;TP53";Protocole : FMI liquide  Panel : Foundation One Liquid CDx  Numéro protocole/biopsie : 220310499  Site biopsie : sang  Date biopsie : 31-01-2022  KRAS G12D (1,1 %)  APC A1492fs*22 (0,69 %), S1068* (1,3 %)  TP53 R175H (1,4 %)  TMB : 3  Statut MSS : MSS;
20;38;GR0001;2019-06-24;2018-11-20;;2.0;tumor_tissue;primitive;G12C;"KRAS;TP53";"Présence d'une mutation de l'exon 7 du gène TP53, c.733 G>A ; p.Gly245Ser.  Présence d'une mutation du gène TP53 (G245S).  ";
41;39;GR0002 ;2019-09-03;2022-05-02;14.0;2.0;tumor_and_liquid_biopsy;other;;"APC;NF1/2;TP53;ASXL1";Consentement(s) signé(s) pour le(s) protocole(s) STARTRK, STING, FMI liquide :    1- Protocole : STARTRK  Panel : Foundation One Tissue  Numéro protocole/biopsie : 17H03053  Site biopsie : Colon  Date biopsie : 05-04-2017  MAP2K4 loss  APC M431fs*9  TP53 R248Q  TMB : 6,30    2- Protocole : FMI liquide  Panel : Foundation One Liquid CDx  Numéro protocole/biopsie : 212430448  Site biopsie : sang  Date biopsie : 31-08-2021  APC M431fs*9 (13,9 %)  TP53 R248Q (11,4 %)  TMB : 8    3- Protocole : FMI liquide  Panel : Foundation One Liquid CDx  Numéro protocole/biopsie : 220740315  Site biopsie : sang  Date biopsie : 15-03-2022  NF1 rearrangement intron 19 (6,2 %)  APC M431fs*9 (34,4 %)  ASXL1 Q1517* (0,17 %)  EP300 L1062fs*1 (0,41 %)  TP53 R248Q (38,6 %)  TMB : 14    4- Protocole : FMI liquide  Panel : Foundation One Liquid CDx  Numéro protocole/biopsie : 221220366  Site biopsie : sang  Date biopsie : 02-05-2022  NF1 rearrangement intron 19 (10,2 %)  APC M431fs*9 (52,3 %)  ASXL1 Q1517* (3 %)  TP53 R248Q (51,7 %)  TMB : 14;GR0060 
41;39;GR0060 ;2022-02-07;2022-05-02;14.0;2.0;tumor_and_liquid_biopsy;other;;"APC;NF1/2;TP53;ASXL1";Consentement(s) signé(s) pour le(s) protocole(s) STARTRK, STING, FMI liquide :    1- Protocole : STARTRK  Panel : Foundation One Tissue  Numéro protocole/biopsie : 17H03053  Site biopsie : Colon  Date biopsie : 05-04-2017  MAP2K4 loss  APC M431fs*9  TP53 R248Q  TMB : 6,30    2- Protocole : FMI liquide  Panel : Foundation One Liquid CDx  Numéro protocole/biopsie : 212430448  Site biopsie : sang  Date biopsie : 31-08-2021  APC M431fs*9 (13,9 %)  TP53 R248Q (11,4 %)  TMB : 8    3- Protocole : FMI liquide  Panel : Foundation One Liquid CDx  Numéro protocole/biopsie : 220740315  Site biopsie : sang  Date biopsie : 15-03-2022  NF1 rearrangement intron 19 (6,2 %)  APC M431fs*9 (34,4 %)  ASXL1 Q1517* (0,17 %)  EP300 L1062fs*1 (0,41 %)  TP53 R248Q (38,6 %)  TMB : 14    4- Protocole : FMI liquide  Panel : Foundation One Liquid CDx  Numéro protocole/biopsie : 221220366  Site biopsie : sang  Date biopsie : 02-05-2022  NF1 rearrangement intron 19 (10,2 %)  APC M431fs*9 (52,3 %)  ASXL1 Q1517* (3 %)  TP53 R248Q (51,7 %)  TMB : 14;GR0002 
50;40;GR0004;2019-10-23;2019-11-07;;2.0;tumor_tissue;liver;;TP53;"Présence d'une mutation de l'exon 5 du gène TP53, c.524 G>A ; p.Arg175His.  Fréquence allélique de la mutation : 70%  Présence d'une mutation du gène TP53 (R175H).";
54;41;GR0005;2020-01-16;2020-02-03;;1.0;tumor_tissue;;;BRAF;BRAF, c.1799T>A, p.Val600Glu;
63;42;GR0006;2020-03-12;2019-09-26;;2.0;tumor_tissue;;;;;
76;43;GR0007;2020-06-22;2023-05-10;3.0;2.0;tumor_and_liquid_biopsy;primitive;;"APC;MYC;TP53;DNMT3A";"TP53, c.844 C>T ; p.Arg282Trp.    Protocole : FMI liquide  Panel : Foundation One Liquid CDx  Numéro protocole/biopsie : 66052023-05-10  Site biopsie : sang  Date biopsie : 10-05-2023  APC E1309* (4,8 %)  MYC duplication exons 2-3 (17,3 %)  DNMT3A W860R (3,5 %)  TP53 R282W (8,2 %)  TMB : 3    ";
90;44;GR0008;2020-09-16;2020-09-10;;2.0;tumor_tissue;primitive;G12V;KRAS;KRAS, c.35G>T, p.Gly12Val. ;
99;45;GR0009;2020-09-24;2020-08-17;;2.0;tumor_tissue;primitive;;"PIK3CA/B/D;TP53";TP53, c.559+2T>C.  PIK3CA, c.1624G>A, p.Glu542Lys.;
109;46;GR0010;2020-09-25;2019-02-15;;2.0;tumor_tissue;;G12C;KRAS;;
115;47;GR0011;2020-10-08;2020-10-08;;2.0;tumor_tissue;primitive;other;"BRAF;KRAS;PIK3CA/B/D";Présence d'un variant oncogénique du gène BRAF, c.1799T>A, p.Val600Glu  Présence d'une mutation oncogénique activatrice du gène BRAF (p.V600E).    Présence d'un variant oncogénique du gène KRAS, c.34G>A, p.Gly12Ser, fréquence allélique donnée à titre indicatif: 11%     Présence d'un variant oncogénique du gène KRAS, c.38G>A, p.Gly13Asp, fréquence allélique donnée à titre indicatif: 7%     Présence d'un variant oncogénique du gène PIK3CA, c.1633G>A, p.Glu545Lys, fréquence allélique donnée à titre indicatif: 8%;
127;48;GR0013;2020-10-13;2022-05-04;;2.0;liquid_biopsy;other;;;;
128;48;GR0013;2020-10-13;2020-05-20;;2.0;tumor_tissue;primitive;;TP53;Présence d'un variant du gène TP53, c.742C>T, p.Arg248Trp.  Fréquence allélique donnée à titre indicatif: 55%  Stade de régression tumorale : TRG1 (AJCC 7eme édition)..    Pour rappel, tumeur proficiente MMR (biopsie hors GR). Technique non refaite ce jour.   Absence de mutation des gènes KRAS, BRAF, NRAS. Mutation du gène TP 53 (20G00151);
142;49;GR0014;2020-10-21;2020-10-21;;3.0;tumor_tissue;primitive;G13D;"APC;KRAS;TP53";KRAS, c.38G>A, p.Gly13Asp  APC, c.2704G>T, p.Glu902*,  TP53, c.743G>A, p.Arg248Gln,;
143;49;GR0014;2020-10-21;2017-07-17;;2.0;tumor_tissue;primitive;;;;
147;50;GR0019;2020-11-19;2020-11-19;;2.0;tumor_tissue;;;TP53;TP53, c.818G>A, p.Arg273His, exon 8;
155;51;GR0021;2020-11-20;2020-11-20;;2.0;tumor_tissue;;;;Absence de mutation détectée sur les gènes testés, entre autre pour les gènes KRAS, NRAS et BRAF.;
167;52;GR0023;2020-11-26;2022-03-10;1.0;2.0;liquid_biopsy;;Q61H;"APC;KRAS;TP53;GNAQ";KRAS Q61H (0,23 %)  APC R232* (1,7 %)  DNMT3A splice site 1667+1G>A (0,89 %), R882C (3,9 %)  GNAQ R181T (0,27 %)  TP53 splice site 782+1G>A (1,6 %);
168;52;GR0023;2020-11-26;2019-08-09;;2.0;tumor_tissue;primitive;;;;
171;53;GR0000;;2020-11-30;;2.0;tumor_tissue;;;"PIK3CA/B/D;TP53";PIK3CA, c.3140A>G, p.His1047Arg,  TP53, c.844C>T, p.(Arg282Trp);
184;54;GR0025;2020-12-01;2019-07-18;;2.0;tumor_tissue;liver;G12V;KRAS;Biopsie hépatique réalisée le 5 juillet 2019.  KRAS muté, statut MSS.;
196;55;GR0027;2020-12-16;;;3.0;;;;;KRAS, BRAF non muté;
210;56;GR0029;2021-01-08;2021-01-08;27.0;2.0;liquid_biopsy;other;other;"APC;KRAS;SMAD4;TET2;TP53";Protocole : FMI liquide  Panel : Foundation One Liquid CDx  Numéro protocole/biopsie : FMI 5  Site biopsie : sang  Date biopsie : 08-01-2021  KRAS G12W (19,4 %)  RET G810V (0,62 %)  APC R302* (49,8 %)  TET2 Q913* (3,5 %)  TP53 E285K (52,4 %)  TMB : 27    Par ailleurs mutation de RET mais avec une fréquence allélique très faible (probablement passenger), connue pour être une mutation de  résistance secondaire. ;
216;58;GR0073;2022-04-12;2022-03-24;14.0;2.0;liquid_biopsy;other;G12C;"APC;ARID1A;KRAS;TP53";Protocole : FMI liquide  Panel : Foundation One Liquid CDx  Numéro protocole/biopsie : 220830560  Site biopsie : sang  Date biopsie : 24-03-2022    KRAS G12C (27.5 %)  APC Q2403H (37.5 %), rearrangement exon 16 (21,8%)  ARID1A P1575fs*37 (37.9 %)  IRF2 splice site 87+1G>A (32 %)  PARK2 deletion exons 4-6 (12.6 %)  PPP2R2A F280fs*5 (15.4 %)  TP53 R156fs*15 (36.9 %)    TMB : 14  Statut MSS : MSS;
226;88;GR0030;2021-01-12;2021-01-12;8.0;2.0;liquid_biopsy;;G12D;"APC;KRAS;PIK3CA/B/D;PTEN;TP53;DNMT3A";KRAS G12D (28,3 %)  PIK3CA G914R (33,3 %)  PTEN Y315* (39,5 %)  APC T1556fs*3 (26,1 %), R554* (17,2 %)  DNMT3A R882H (3 %)  FAM123B R353* (25,7 %)  TP53 splice site 96+1G>A (38,6 %);
237;89;GR0032;2021-02-09;2021-02-12;3.0;2.0;tumor_tissue;liver;;"APC;ATRX;TP53";APC E1353*, R216*  ATR splice site 2079-2A>G  TP53 R248Q    Protocole biopsie : STARTRK  Numéro protocole/biopsie : 20E00818  Site biopsie : colon  Date biopsie : 01/08/2019  Panel : FMI  TP53 R248Q  APC R216*  TMB : 2,52  Statut MSS : MS-Stable;
243;90;GR0034;2021-03-12;2021-03-18;1.0;2.0;liquid_biopsy;;;"BRAF;TP53;DNMT3A";FGF6 amplification  CCND2 amplification  MYC amplification  KDM5A amplification  FGF23 amplification  KRAS amplification  DNMT3A F752del  TP53 I195T  BRAF V600E;
261;91;GR0036;2021-04-02;2021-04-02;14.0;2.0;tumor_tissue;liver;;"BRAF;RNF43;SMAD4;TP53";BRAF V600E (29,8 %)  RNF43 R117fs*41 (42,8 %)  SMAD4 R496H (18,9 %)  TP53 V73fs*51 (20,1 %);
288;92;GR0039;2021-06-08;2021-03-04;16.0;2.0;liquid_biopsy;;Q61H;"ATRX;BRAF;EGFR;KRAS;NRAS;TP53";KRAS Q61H (0,65 %), Q61H (4,4 %)  NRAS Q61K (3,6 %)  BRAF IGF2BP3-BRAF fusion (11 %)  MAP2K1 (MEK1) E102_I103del (2 %)  EGFR G465V (0,30 %), V441G (1,4 %)  ATRX R1739* (3,4 %)  BCL2L1 amplification - equivocal  RAD21 amplification - equivocal  SRC amplification - equivocal  TP53 R213* (25,1 %);
289;92;GR0039;2021-06-08;2014-07-30;;2.0;tumor_tissue;primitive;;;;
299;93;GR0040;2021-06-08;2021-06-22;2.52;2.0;tumor_tissue;;;"AKT;BRAF";PTPRO R231H  BRAF V600E  AKT1 E17K;GR0118
299;93;GR0118;2023-04-20;2021-06-22;2.52;2.0;tumor_tissue;;;"AKT;BRAF";PTPRO R231H  BRAF V600E  AKT1 E17K;GR0040
318;94;GR0041;2021-06-15;2021-01-07;6.3;2.0;tumor_tissue;ganglion;;"APC;TP53"; MYC amplification  TP53 splice site 97-22_97-1>AGC  APC T1073fs*53  APC Q1406*;
332;95;GR0044;2021-11-16;2021-01-04;5.0;2.0;liquid_biopsy;other;G12A;"APC;KRAS;TP53;DNMT3A";KRAS G12A (25,2 %)  APC P1439fs*34 (29,7 %), R213* (14,5 %)  DNMT3A K299fs*13 (0,73 %)  TP53 Y126C (34,4 %);
340;96;GR0046;2021-11-26;2021-12-09;8.0;2.0;tumor_and_liquid_biopsy;primitive;Q61H;"BRAF;KMD5A/6;KRAS;MYC;TP53";BRAF V600E (43,7 %), deletion exons 2-8 (0,95 %)  KRAS Q61H (1,4 %), Q61H (0,16 %)  MYC amplification  KDM6A Q330fs*29 (8,2 %)  KEL splice site 526-2A>C (0,30 %)  PRKCI amplification  RAD21 amplification - equivocal  TP53 D41fs*2 (66,1 %);
353;97;GR0047;2021-12-01;2020-10-07;;2.0;tumor_tissue;;G12A;"APC;KRAS;PTEN";KRAS, c.35G>A, p.Gly12Asp  PTEN, c.382A>G, p.Lys128Glu  PTEN, c.770T>C, p.Phe257Ser  APC, c.4537G>T, p.(Glu1513*);GR0076
353;97;GR0076;2022-05-11;2020-10-07;;2.0;tumor_tissue;;G12A;"APC;KRAS;PTEN";KRAS, c.35G>A, p.Gly12Asp  PTEN, c.382A>G, p.Lys128Glu  PTEN, c.770T>C, p.Phe257Ser  APC, c.4537G>T, p.(Glu1513*);GR0047
365;98;GR0049;2021-12-10;2021-10-14;0.0;2.0;tumor_and_liquid_biopsy;primitive;;"BRAF;DNMT3A;MUTHY";BRAF V600E (0,21 %)  ASXL1 G646fs*12 (1,1 %)  DNMT3A R882C (0,91 %), W860fs*4 (1,9 %)  MUTYH G382D (51,1 %);
379;99;GR0050;2021-12-14;2021-07-29;23.0;2.0;tumor_and_liquid_biopsy;primitive;Q61H;"APC;EGFR;KRAS;NF1/2;NRAS;TP53";KRAS Q61L (1,2 %), Q61H (0,34 %)  MET amplification  NF1 G2397R (75,7 %)  EGFR V441G (1,7 %), V441D (0,26 %), S464L (0,53 %)  PIK3CB amplification  APC K1363* (50,3 %), R876* (26,6 %)  FLCN H429fs*27 (69,7 %), R164fs*13 (13,7 %)  PRKCI amplification  TP53 R248W (71,4 %);
380;99;GR0050;2021-12-14;2019-01-29;;2.0;tumor_tissue;primitive;;;;
387;100;GR0054;2022-01-11;2022-01-17;3.0;2.0;tumor_and_liquid_biopsy;liver;G13D;"APC;INPP4B;KRAS;SMAD4;TP53";KRAS G13D (35,9 %)  CHEK2 splice site 684-2A>G (0,30 %), E8fs*53 (0,33 %)  PTEN loss  APC Y935fs*1 (30,9 %), R1450* (33,6 %)  DNMT3A W330* (1,5 %)  FAM123B V442fs*7 (48,7 %)  SMAD4 Q256* (52,4 %)  TP53 R248W (47,7 %);
398;101;GR0058;2022-01-28;2022-01-27;3.0;2.0;liquid_biopsy;other;;"APC;KRAS;TP53";APC V1405fs*9 (0,25 %)  TP53 C135Y (0,42 %)  Mutation KRAS (sans plus d'information dans le compte rendu);
406;102;GR0061;2022-02-07;2022-01-28;1.0;2.0;tumor_and_liquid_biopsy;primitive;other;"APC;FGFR;KRAS;TP53";KRAS c.34G>A,p.(Gly12Ser)  TP53 c.993+2T>C, p.  FGFR1 amplification    Protocole : FMI liquide  Panel : Foundation One Liquid CDx  Numéro protocole/biopsie : 220280503  Site biopsie : sang  Date biopsie : 28-01-2022  KRAS G12S (1,4 %)  APC F1396fs*19 (1,3 %)  EPHA3 R136* (0,39 %)  TP53 splice site 993+2T>C (1,4 %)  TMB : 1;
415;103;GR0062;2022-02-10;2022-02-24;8.0;2.0;tumor_tissue;liver;G12D;"APC;ATM;KRAS;TP53";RBB2 amplification  KRAS G12D (0,32 %)  ATM Q2442P (0,24 %)  PDGFRB amplification  APC Q1338* (65,1 %), R302* (0,76 %), T1556fs*3 (0,12 %)  CHEK2 F169fs*2 (0,26 %)  FGFR1 amplification - equivocal  CBL R206* (9,3 %)  FGF10 amplification  SOX9 Q411* (1 %)  TP53 R175H (0,96 %), R196* (56,4 %);
425;104;GR0074;2022-04-29;2022-04-14;8.0;2.0;liquid_biopsy;;G12D;"APC;KRAS;SF3B1;TET2;TP53";KRAS G12D (30,8 %)  APC A735fs*20 (17,7 %), Q1303* (16,9 %)  LYN amplification  SF3B1 G740R (3,4 %)  TET2 T229fs*25 (0,90 %)  TP53 Y236H (41,2 %);
431;105;GR0087;2022-09-06;2022-08-25;4.0;2.0;liquid_biopsy;;G12D;"KRAS;MYC;TP53";KRAS G12D (40 %)  CHEK2 I157T (17,9 %)  MED12 V2038I (2,8 %)  MYCL1 amplification - equivocal  TP53 V97fs*51 (67,3 %);
443;108;GR0091;2022-10-21;2022-10-21;5.0;2.0;liquid_biopsy;other;G12C;"APC;KRAS;SMAD4;TP53";KRAS G12C (6,6 %)  APC splice site 835-8A>G (3,7 %), S1104* (3,8 %)  SMAD4 R361H (6,8 %)  SOX9 Q505fs*73 (5,2 %)  TP53 C135W (0,08 %);
456;471;GR0072;2022-04-06;2019-08-26;;2.0;tumor_tissue;primitive;other;PIK3CA/B/D;"résence d'une mutation du gène PIK3CA (H1047R). Il s'agit d'une mutation oncogénique activatrice classique du gène PIK3CA.   Présence d'une mutation de l'exon 10 du gène PIK3CA, c.3140 A>G ; p.His1047Arg.  Fréquence allélique de la mutation : 21%";
457;471;GR0072;2022-04-06;2019-08-28;2.52;2.0;tumor_tissue;primitive;other;"APC;KRAS;PIK3CA/B/D;TP53";Protocole biopsie : STARTRK  Numéro protocole/biopsie : 19R01993  Site biopsie : rectum  Date biopsie : 28/08/2019  Panel : FMI    KRAS G12S  PIK3CA H1047R  APC R213*  APC splice site 1959-123_2019del184  TP53 R342*  TMB : 2,52  Statut MSS : MS-Stable;
465;572;GR0089;2022-09-27;2022-07-28;4.0;2.0;liquid_biopsy;other;G12V;"CTNNB1;FGFR;KRAS;TP53";KRAS G12V (17.8 %)  CTNNB1 splice site 14-88_241+51del367 (10 %)  FGFR1 amplification - equivocal  NSD3 (WHSC1L1) amplification - equivocal  TP53 C176del (17.1 %)  ;
476;573;GR0090;2022-10-21;2021-08-08;;2.0;tumor_tissue;primitive;G12D;KRAS;KRAS muté G12 D;
481;626;GR0063;2022-02-10;2020-09-26;1.26;2.0;tumor_tissue;primitive;;"APC;ARID1A;TP53";Site biopsie : Colon  Date biopsie : 26-09-2020  FLT3 amplification  ARID1A Q2115*  APC E1309fs*4  TP53 Y234C  ;
482;626;GR0063;2022-02-10;2022-02-03;6.0;2.0;liquid_biopsy;other;Q61H;"AKT;APC;ARID1A;EGFR;PIK3CA/B/D;TP53";Site biopsie : sang  Date biopsie : 03-02-2022  EGFR S492R (0,54 %)  KRAS Q61H (0,49 %)  MAP2K1 (MEK1) K57T (0,37 %)  AKT2 amplification  APC E1309fs*4 (18,2 %)  ARID1A Q2115* (34,6 %)  PIK3CA H1047R (29,7 %)  PIK3R1 L449fs*3 (16,8 %)  FLT3 amplification  TP53 Y234C (30,6 %)  ;
483;626;GR0063;2022-02-10;2022-12-13;57.0;2.0;liquid_biopsy;other;G12A;"AKT;APC;ARID1A;EGFR;KRAS;PIK3CA/B/D;TP53";Site biopsie : sang  Date biopsie : 13-12-2022  EGFR V441G (0,24 %), S492R (0,50 %)  KRAS G12A (0,24 %), Q61H (3,5 %)  MAP2K1 (MEK1) K57T (3,5 %)  AKT2 amplification - equivocal  APC E1309fs*4 (32 %), splice site 1744-2_1744-1AG>GT (0,53 %)  ARID1A Q2115* (65,5 %)  PIK3CA H1047R (55,9 %)  PIK3R1 L449fs*3 (31,5 %)  BRAF D594N (0,09 %)  FLT3 amplification  TP53 Y234C (61,3 %)  WT1 K459T (0,70 %)    Présence d'altération(s) avec impact théranostique : Oui  Si oui, combien d'anomalie(s) ? 8  Gene 1 : TMB  ESCAT gene 1 : I  Orientation thérapeutique en RCP sur gène 1 : Oui  Si oui, vers quoi : Essai thérapeutique  Gene 2 : BRAF  ESCAT gene 2 : IIIA  Orientation thérapeutique en RCP sur gène 2 : Oui  Si oui, vers quoi : Essai thérapeutique  Gene 3 : EGFR  ESCAT gene 3 : IV  Orientation thérapeutique en RCP sur gène 3 : Oui  Si oui, vers quoi : Essai thérapeutique  Gene 4 : ARID1A  ESCAT gene 4 : IV  Orientation thérapeutique en RCP sur gène 4 : Non  Si non, pourquoi : Pas d'essai disponible  Gene 5 : PIK3CA  ESCAT gene 5 : IIIA  Orientation thérapeutique en RCP sur gène 5 : Non  Si non, pourquoi : Pas d'essai disponible  Gene 6 : FLT3  ESCAT gene 6 : IV  Orientation thérapeutique en RCP sur gène 6 : Non  Si non, pourquoi : Pas d'essai disponible  Gene 7 : MAP2K1  ESCAT gene 7 : IV  Orientation thérapeutique en RCP sur gène 7 : Non  Si non, pourquoi : Pas d'essai disponible  Gene 8 : KRAS  ESCAT gene 8 : IV;
488;627;GR0064;2022-02-17;2019-05-09;2.52;2.0;tumor_and_liquid_biopsy;liver;G12V;"APC;KRAS;PIK3CA/B/D;TP53";Protocole STARTRK 09/05/2019 :  APC S996fs*9  KRAS G12V  APC G1499fs*8  TP53 S241T  FAM123B E395fs*15  PIK3CA E545K    FMI Liquide 02/03/2021:  KRAS G12V (0.31%)  PIK3CA E545K (0.64%)  APC G1499fs*8 (0.3%), S996fs*9 (0.29%)  FAM123B E395fs*15 (1.5%)  TP53 S241T (0.34%)  TMB : 0;
493;628;GR0065;2022-02-21;2021-08-13;3.0;2.0;liquid_biopsy;other;;"CTNNB1;STK11;TP53;DNMT3A";Protocole STARTRK :  PPP2R2A loss  MAP2K4 loss  GATA4 loss  STK11 STK11 truncation  TP53 G245S  CTNNB1 W25_H36del  TMB 3.78 mutations-per-megabase  MS-Stable    FMI LIQUIDE :   CTNNB1W25_H36del (0,63 %)  STK11 rearrangement exon 5 (0,15 %), rearrangement exon 5 (0,18 %),  rearrangement intron 5 (0,16 %), rearrangement intron 3 (0,15 %)  CDH1 R749Q (0,13 %)  DNMT3A E400fs*7 (0,62 %)  TP53 G245S (0,85 %);
497;629;GR0067;2022-03-04;2022-02-10;11.0;2.0;liquid_biopsy;other;G13D;"CTNNB1;KRAS;PIK3CA/B/D;PTEN;TP53;CHEK2";KRAS G13D (53,4 %)  CHEK2 splice site 846+2T>G (0,29 %)  CTNNB1 deletion exon 3 (41,2 %), splice site 14-65_242-88del406 (55,7%)  PIK3CA H1047L (31,3 %)  PTEN splice site 801+2T>C (67,4 %)  SOX9 Q378* (60,4 %)  TP53 E287* (3,4 %);
501;630;GR0068;2022-03-10;2021-09-14;8.0;2.0;liquid_biopsy;other;other;"APC;KRAS;TP53";KRAS Q61L (13,9 %)  APC T1438fs*35 (15 %)  TP53 R248Q (13,3 %);
505;631;GR0070;2022-03-15;2021-11-10;2.52;2.0;tumor_and_liquid_biopsy;;other;"APC;KRAS;TET2;TP53";10/11/2021 : FMI LIQUID  KRAS G13C (15,5 %), A59T (16,4 %)  FBXW7 R465H (6,2 %)  APC D1486fs*21 (20,1 %)  TET2 N1753fs*1 (12,2 %)  TP53 R273C (10,6 %)    16-12-2021: STARTRK  Numéro protocole/biopsie : 21E01349  Site biopsie : Colon  Date biopsie : 13-07-2020  CDKN2B loss  MTAP loss  CDKN2A loss  BRCA1 BRCA1 truncation  KRAS G13C  KRAS A59T  TP53 R273C  APC D1486fs*21  FBXW7 R465H  ;
509;632;GR0071;2022-04-01;2022-02-24;9.0;2.0;liquid_biopsy;other;G12D;"APC;KMD5A/6;KRAS;PIK3CA/B/D;SMAD4;TP53";KRAS G12D (7,8 %)  APC A1347fs*67 (3 %), S1415fs*5 (3,2 %)  PIK3CA C420R (2,7 %)  FAS R250* (3,6 %)  KDM6A N855fs*10 (9,4 %)  SMAD2 P305L (3,3 %)  SOX9 I435fs*36 (4,9 %)  TP53 G245S (0,49 %), R282W (6,2 %), Y163N (0,42 %);
513;633;GR0077;2022-06-10;2022-02-10;0.0;2.0;liquid_biopsy;other;Q61H;"APC;KRAS;TP53";KRAS Q61H (0,12 %)  APC S1344* (0,58 %)  TP53 R273C (0,49 %);
516;634;GR0078;2022-06-17;2022-05-27;10.0;2.0;liquid_biopsy;other;;"APC;NRAS;TP53";NRAS G12D (44,4 %)  APC R216* (49,3 %), E1309fs*4 (21,8 %)  TSC2 R505* (2,1 %)  CCND3 amplification  FGF19 amplification  FGF3 amplification  FGF4 amplification  LYN amplification  RAD21 amplification  TP53 R273H (65,2 %)  ;
520;635;GR0079;2022-07-05;2022-07-05;16.0;2.0;tumor_and_liquid_biopsy;other;;"APC;SMAD4;TET2;TP53";FMI LIQUIDE 05/07/2022:  ERBB2 amplification  APC E1353* (41,1 %)  SMAD4 R361C (20 %)  TET2 T1372I (2,1 %)  TP53 S260_S261ins8 (38,8 %)    Protocole : MCLA-128 : 13/10/2021:  NRG1 Fusion Not Detected  ERBB2 (Her2/Neu) Amplified  APC Pathogenic Variant Exon 16 | p.E1353* (60 %)  ;
523;636;GR0082;2022-07-20;2021-12-16;1.0;2.0;liquid_biopsy;other;G12D;"APC;KRAS;TP53";Protocole FMI LIQUIDE 16/12/2021:  KRAS G12D (2,8 %)  APC Y1376fs*10 (4,5 %)  ASXL1 deletion exons 5-9 (2,7 %)  TP53 T211I (4,7 %);
529;639;GR0086;2022-08-26;2022-09-15;4.0;2.0;liquid_biopsy;other;Q61R;"KRAS;RNF43;TET2;TP53";Protocole : FMI liquide  Date biopsie : 10-03-2022  TET2 T679fs*2 (2.6 %)  TP53 K132R (0.87 %)    Protocole : FMI liquide  Date biopsie : 26-08-2022  KRAS Q61R (1,4 %)  RNF43 splice site 252+1G>C (0,84 %)  GRM3 R723W (1,2 %)  TET2 T679fs*2 (3 %)  TP53 G266V (1,9 %), K132R (1,3 %);
532;640;GR0093;2022-11-18;2021-07-15;6.0;2.0;liquid_biopsy;other;G12D;"APC;KRAS;TP53";Protocole : FMI liquide  Date biopsie : 15-07-2021  KRAS G12D (6,9 %)  APC T1292fs*9 (7,4 %)  CREBBP Q2085* (1,9 %)  HSD3B1 T353M (4,3 %)  TP53 rearrangement exon 2 (10,1 %)  XPO1 R261Q (3 %);
538;642;GR0096;2022-12-09;2022-07-05;11.0;2.0;liquid_biopsy;other;other;"APC;GNAS;KRAS;MYC;TP53;DNMT3A";Protocole : FMI liquide  Date biopsie : 19-04-2022  KRAS G12V (5.2 %)  APC E1309fs*4 (6.9 %)  DNMT3A S267fs*45 (0.3 %)  TP53 V157L (0.12 %), R248W (7.2 %)    Protocole : FMI liquide  Date biopsie : 05-07-2022  KRAS G12V (20,2 %)  APC E1309fs*4 (22,1 %)  MYC amplification - equivocal  DNMT3A S267fs*45 (0,50 %)  GNAS R201S (0,13 %)  TP53 R248W (27,6 %);
541;662;GR0097;2023-01-06;;;;;;;KRAS;Patient exterieur venu uniquement pour biopsie dans le cadre du protocole organotreat , selon le CR consultation de suivi du 28/11/2022 : Muté KRAS (seule information trouvé dans son dossier médicale).  ;
544;663;GR0098;2023-01-10;;;;;;G12D;KRAS;Date de la consultation : 08/12/2022  Réalisée par : Docteur Lola Jade PALMIERI / CORLAE institut bergonié de bordeaux.  Patient vu en consultation pour envisager son éligibilité un essai dans le cadre  de son adénocarcinome du côlon gauche métastatique pulmonaire et  hépatique KRAS G12D muté.;
547;664;GR0099;2023-01-13;2023-01-13;9.0;2.0;liquid_biopsy;;G12A;"APC;ATRX;KRAS;PIK3CA/B/D;TP53";KRAS G12A (49,2 %)  APC R332* (22,9 %), T1556fs*3 (25,5 %)  PIK3CA Q546E (39,6 %)  ALK R1209Q (0,87%)  ATR splice site 7656-2A>T (20,6 %)  SOX9 F270fs*9 (49,5 %)  TP53 H193L (53,7 %), P278_G279>L (0,23 %);
557;665;GR0100;2023-01-20;2022-03-04;3.0;2.0;liquid_biopsy;other;;"BRAF;RNF43;TP53";Protocole : FMI liquide  Date biopsie : 04-03-2022  BRAF V600E (2,9 %)  RNF43 S476fs*26 (0,89 %)  TP53 C238Y (1,7 %);
560;666;GR0101;2023-02-01;;;2.0;;;;;MSS, RAS/BRAF WT, HER2 0.;
564;667;GR0103;2023-02-07;2022-07-06;1.0;2.0;liquid_biopsy;other;;"APC;TP53";Protocole : FMI liquide  Date biopsie : 06-07-2022  APC P1427fs*46 (0,17 %)  TP53 R342* (0,17 %);
567;668;GR0104;2023-02-10;;;2.0;;;;BRAF;Patient arrive d'oscar lambret de LILLE LE 25/01/2023,  MSS BRAF muté V600E;
570;669;GR0106;2023-02-15;2021-08-31;;;;;;"APC;KRAS;TP53";Essai RAGNAR 31/08/2021:  MSS RAS muté   amplification FGF23, FGF6 et FGFR1,   Mutation TP53 et APC;
573;670;GR0108;2023-02-24;;;2.0;;;other;"BRAF;KRAS;NRAS";KRAS Muté , BRAF sauvage, MSS.;
576;671;GR0109;2023-03-03;;;;;;;;seule informations trouvé dans le dossier patient : PMMR, RAS, BRAF SAUVAGE;
579;672;GR0110;2023-03-09;;;1.0;;;G12D;KRAS; KRAS muté G12D   MSS.;
582;673;GR0111;2023-03-10;;;;;;;;informations trouvé dans dossier medicale patient :   RAS muté , BRAF sauvage.;
586;674;GR0112;2023-03-22;2023-02-16;4.0;2.0;liquid_biopsy;other;;"APC;CDKN2A;CDKN2B;NRAS;TP53";Protocole : FMI liquide  Site biopsie : sang  Date biopsie : 16-02-2023    NRAS Q61K (8,3 %)  APC S1567fs*3 (10,9 %)  CDKN2A/B p16INK4a R80* and p14ARF P94L (3,2 %)  TP53 P36fs*9 (11,1 %), splice site 783-8_793del19 (0,12 %), M246V  (0,28 %)    TMB : 4  Statut MSS : MSS  ;
589;675;GR0113;2023-03-24;;;3.0;;;G13D;KRAS;KRAS G13D muté;
592;676;GR0115;2023-03-31;;;;;;;KRAS;KRAS muté;
595;677;GR0116;2023-04-13;;;2.0;;;;KRAS;KRAS muté  MSS;
601;678;GR0117;2023-04-14;2023-03-17;;2.0;tumor_and_liquid_biopsy;ganglion;;"APC;NF1/2;TP53";Protocole : MCLA-128  Site biopsie : ganglions  Date biopsie : 26-12-2019  NRG1 Fusion Not Detected  APC Pathogenic Variant Exon 9 | c.835-8A>G (58 %)  TP53 Pathogenic Variant Exon 8 | p.E286K (64 %)  HLA-A A*11:303,A*02:01  HLA-B B*39:01,B*35:01  HLA-C C*04:01,C*12:03  TMB : 6  Statut MSS : MSS    Protocole : FMI liquide  Site biopsie : sang  Date biopsie : 17-03-2023  NF1 I679fs*21 (0,20 %)  APC splice site 835-8A>G (1,6 %)  KEL splice site 223+1G>A (50,4 %)  TP53 E286K (2 %)  TMB : 3  Statut MSS : MSS;
604;679;GR0119;2023-04-28;2021-11-03;;2.0;;;other;KRAS;selon fiche de screening  oscar lambret-LILLE   KRAS muté Gly 12 Ser;
607;680;GR0120;2023-05-02;2023-04-12;6.0;2.0;liquid_biopsy;other;G13D;"APC;ATM;KRAS;PIK3CA/B/D;TP53";Protocole : PRISM Portal  Site biopsie : sang  Date biopsie : 12-04-2023  KRAS G13D (2.5 %)  APC K670* (1.1 %)  ATM I2888T (0.11 %)  FBXW7 R465C (0.55 %)  PIK3CA E545G (1.1 %)  SOX9 Q246fs*6 (1.9 %)  TP53 Y234C (0.11 %), H179Y (0.24 %)  TMB : 6  Statut MSS : MSS;
610;681;GR0122;2023-05-09;;;2.0;;;;KRAS;;
616;682;GR0114;2023-03-24;2023-03-02;11.0;2.0;liquid_biopsy;other;Q61H;"APC;KRAS;RB1;TP53";Protocole : FMI liquide  Panel : Foundation One Liquid CDx  Numéro protocole/biopsie : 1027462023-03-03  Site biopsie : sang  Date biopsie : 02-03-2023  KRAS Q61H (69,1 %)  APC R1450* (58,4 %)  FANCA rearrangement exon 43 (14,3 %)  NTRK1 rearrangement intron 11 (0,05 %)  FAM123B R641* (21,2 %)  NBN L522fs*16 (2,2 %)  POLD1 F436L (0,27 %)  RB1 rearrangement intron 17 (0,20 %)  SOX9 S449fs*21 (64,5 %)  TP53 R158H (63 %)  TMB : 11;
619;683;GR0121;2023-05-05;;;2.0;;;;;;
623;684;GR0124;2023-05-17;;;2.0;;;G12D;KRAS;;
630;800;GR0123;2023-05-10;2023-01-27;8.0;2.0;liquid_biopsy;other;G12V;"CTNNB1;GNAS;KRAS;TP53";Protocole : FMI liquide  Panel : Foundation One Liquid CDx  Numéro protocole/biopsie : 1018072023-01-27  Site biopsie : sang  Date biopsie : 27-01-2023    KRAS G12V (12.2 %)  PALB2 splice site 3350+4A>G (52.6 %)  CTNNB1 deletion exon 3 (8.1 %)  GNAS R201H (1.0 %)  TP53 C238Y (0.09 %), R196* (13.9 %)  TMB : 8;
633;801;GR0125;2023-05-26;2023-04-25;6.0;2.0;liquid_biopsy;other;Q61R;"APC;KRAS;TP53;CHEK2";Protocole : FMI liquide  Panel : Foundation One Liquid CDx  Numéro protocole/biopsie : 1037832023-04-26  Site biopsie : sang  Date biopsie : 25-04-2023  KRAS Q61R (4,6 %)  APC S1282fs*1 (3,5 %),  Q238* (3,5 %)  CHEK2 A392V (0,36 %)  TP53 K132E (4 %)  TMB : 6  ;
638;843;GR0107;2023-02-17;2022-05-16;3.0;2.0;liquid_biopsy;other;other;"APC;KRAS;PIK3CA/B/D;TP53";Protocole : FMI liquide  Panel : Foundation One Liquid CDx  Numéro protocole/biopsie : 221360363  Site biopsie : sang  Date biopsie : 16-05-2022  KRAS A146T (0,48 %)  APC E1309fs*4 (0,49 %)  PIK3CA H1047R (0,12 %)  TP53 G244D (2,9 %)  TMB : 3;
